Accuracy,Precision,Recall,F1-score,AUC,Training Time (sec),Testing Time (sec)
0.3333333333333333,0.11,0.33,0.17,0.583100818452381,727.4643547534943,14.547934293746948
