Accuracy,Precision,Recall,F1-score,AUC,Training Time (sec),Testing Time (sec)
0.5565476190476191,0.6759,0.5565,0.551,0.7989742772108843,783.0392854213715,3.855916976928711
